{"name":"vehicle_speed","value":0,"timestamp":1364309660.002000}

{"name":"accelerator_pedal_position","value":0,"timestamp":1364309660.002000}
{"name":"torque_at_transmission","value":5,"timestamp":1364309660.002000}
{"name":"engine_speed","value":774,"timestamp":1364309660.002000}
{"name":"accelerator_pedal_position","value":0,"timestamp":1364309660.006000}
{"name":"torque_at_transmission","value":5,"timestamp":1364309660.006000}

{"name":"engine_speed","value":774,"timestamp":1364309660.006000}

{"name":"vehicle_speed","value":0,"timestamp":1364309660.010000}
{"name":"accelerator_pedal_position","value":0,"timestamp":1364309660.010000}

{"name":"engine_speed","value":774,"timestamp":1364309660.010000}

{"name":"torque_at_transmission","value":5,"timestamp":1364309660.013000}

{"name":"vehicle_speed","value":0,"timestamp":1364309660.015000}

{"name":"accelerator_pedal_position","value":0,"timestamp":1364309660.018000}

{"name":"engine_speed","value":774,"timestamp":1364309660.020000}

{"name":"torque_at_transmission","value":4,"timestamp":1364309660.022000}

{"name":"fuel_consumed_since_restart","value":0.177979,"timestamp":1364309660.028000}

{"name":"odometer","value":13916.269531,"timestamp":1364309660.029000}

{"name":"vehicle_speed","value":0,"timestamp":1364309660.030000}

{"name":"accelerator_pedal_position","value":0,"timestamp":1364309660.032000}